{"file_hashes":[{"block_hashes":["xvrEBYQtBNfd1cu8NPXZJPFbtc+orUWdzY54eWX7gdE="],"block_size":4096,"path":"background.js"},{"block_hashes":["Z8Y1BqPgVm7Qn9ebDUl47+GMTPX+mlTrzfNqmuO/HXM=","PXryD9WmtA0Bb1fjLyDY8yILcxAZQf+vChZA3vYpxaA=","fR3CjVIfRu6a6AjXuMPJdAtbSOp6oz1+9XLeHLkvNSo=","6xtrvh3UvkyuUgumdl88RFOzDu4OMzwR319LtW7ESgE=","BiEGVxWPLgQqginyMybQtQRqhV9bjrWNyK/pvL8ZYUQ=","kDJHkSKVq2YGEIYlI//R6PCpCHyoZoXroPqtG14auvg=","UiR+Vf0lPGnmu68UpG3ECRDa/BAuSu7xny9CHwSL2Jg=","gy3jMS/FaL06xffmxRucpG8kGlp+moa3i9w28ELO5R0=","Krg9LgvFzS+4Ch9Hp1H0miTxUD1+u3Z+6qo1sb+Q6Rk=","MbIfqj/mCF5fY6VQKxcZK7hTEPM3DGVd7kASbHeAiNo=","fOxWzB47ARzp/x66Eli1Iheqa7MSyheM02KbDnYIzP8=","dmMDT/c80GPGO+/KxukEgBBhVUcSJoUWRQX61gT723o="],"block_size":4096,"path":"ga.js"},{"block_hashes":["puXBN3RgSz0sZ2lgHQT5tXhECuM2s2QtRY7pFaECdCY="],"block_size":4096,"path":"options.html"},{"block_hashes":["jRIqeYT8wWO6WstutkIBfhL4cOwN83h2w8LqBbLdM3g="],"block_size":4096,"path":"options.js"},{"block_hashes":["jY1sjElt7923s/GSpcRpHkoLOUmRK32B3uvntzvcBZc="],"block_size":4096,"path":"script.js"}],"version":2}